00f2c552-7a2a-4a6c-86fa-2ab8182db843	Luiza Gonçalves	ldias6764@gmail.com	 
0163cbab-66fb-4318-8861-fe9c181c1bdb	Gustavo Gabriel	gustavo.gabriel@gsuite.iff.edu.br	 
018af0dc-a860-42d1-9bdc-37787ed355fc	Daniel Oliveira	daixrex11@gmail.com	 
020c0be8-0c7a-4573-a199-d77bb7dae6b6	Thiago Fernandes	goyanobz@gmail.com	 
02871403-0af5-4f11-818d-35abb485cdd5	Gabriel Ribeiro de Santana	gabrielribeiro21@live.com	 
03bd0033-8c7b-4e55-99f5-472090e89076	João Victor Gomes Bueno	jucabueno14@gmail.com	 
042c50e5-443d-42eb-9875-b65c7507b486	André Ramos Gomes	gomes.andre@gsuite.iff.edu.br	 
0436d324-4286-417f-8ecd-ec83a4ecc380	Rayssa Peixoto	rayssapeixoto10oliveira@gmail.com	 
0444446c-82e5-49ba-8d89-46b1012efbb6	Letícia Karla Correia Galante	leticiakarlacorreiagalante14@gmail.com	 
04589eb5-48ec-4a64-815a-e17bd7a3e4ab	Artur Filleul	arturfilleul2005@gmail.com	 
047b0071-5106-4b12-ab7e-69b819ce7b36	Paulo Victor Pereira Teles	paulo.vt.2012@gmail.com	 
05a14843-8e3d-499c-9981-2fb71ce49568	Guilherme Meneses	guilherme.ibiapina145@gmail.com	 
064edc68-b1e0-4604-885c-b6c6ea994d90	Andreza De Souza Pinto	andrezasop15@gmail.com	 
068707e9-4603-4bb5-a3be-28dcdfc88b28	Douglas Willer Rocha Araújo	douglas.w@gsuite.iff.edu.br	 
06f67b00-ac0c-4f3e-8d1e-10e818b5dc78	Adriane Moares de Souza	dricasouza0519@gmail.com	 
0749dd72-ca9e-49f5-9f1f-c008bd97d3c1	Felipe Souza	felpsrsouza01@gmail.com	 
07f1b23a-15f8-423b-9cf6-fe92335d106f	Henry Viana	henryvianam@gmail.com	 
08472d74-99f1-4e76-8156-a5de8b3b1605	João pedro Neves	jpjpjpneves123321@gmail.com	 
08b9c3ce-da8f-4d3e-8385-3f222f63dda9	Gabriel Alexandre Gomes Silva	alex_gsilva@hotmail.com	 
09228592-0b6a-479e-af74-33d87df3b7cd	Vitor Robaina	vitoralvess615@gmail.com	 
09a60b24-90f9-4fe5-8f5c-423546b086a8	Luan Tavares	luantavaresmoret14@gmail.com	 
09ab2671-02f6-4422-8842-1d882d1fb597	ROBERCLEI SANTOS DE SANTANA	roberclei.santana@gsuite.iff.edu.br	 
0a6766c8-02a9-433c-bfe5-e13fed09118d	Khaio Otto Monteiro Franco	khaiofranco@gmail.com	 
0aacabce-8d82-40f4-a715-9bb944750755	Caio Cortez	caio_cortez33@hotmail.com	 
0b7caf40-7403-405d-854e-78c6b0a05914	Leticia De Almeida Azevedo	leticiaazevedo2109@outlook.com	 
0befa026-1de7-4c6d-bc63-4e0df702a674	Lucas Eduardo	lucasfigueiraq@gmail.com	 
0cdde8e8-4a29-4cd2-ac1f-852d0eb8dc9e	Nicollas GONZAGA	nicollasn405@gmail.com	 
0d982dc2-8e0c-4454-a018-e0d45c64540f	Marcus Vinicius Alves Ribeiro	marcus.v.a.ribeiro@gmail.com	 
0e0c163a-b7c1-445d-8bfd-e4ab4edf1b92	Juan Fazollo	juanfazollo@gmail.com	 
0e4826d2-2633-4a6d-805b-2e78b1a884d6	João Gabriel Medici Rossi	j.gabriel.medici@gmail.com	 
0e4cd9bf-dacc-4cb1-b866-7498b404a279	MATHEUS LUZE	matheusluze@hotmail.com	 
0e87f213-9020-487e-aeff-2528cba847a0	Helder José Ferreira Vieira	helderengeletrico@gmail.com	 
0f493ed0-68d3-4007-8a6a-3542b45a9661	Karen da Silva de Sá	karensa002@gmail.com	 
0f6848bd-4a01-43c6-9526-352f7c94902f	Nicolas Kummer	nkummer21@gmail.com	 
0ff08f82-3904-4882-aef1-b039cff72841	Maria Luiza Barcelos dos Santos	barcelosmarialuiza2@gmail.com	 
10505eb4-96f0-45a3-9e06-099c6a43ece5	Marcio Sales	edgar.sales10@gmail.com	 
10cbf6b7-cc4d-4f30-9f0a-48ddb3e2a1ce	Déborah Lara	larahgoncalves758@gmail.com	 
11971f6f-c180-4b69-94d9-228662ab0578	Ricardo Ribeiro	s.filho@gsuite.iff.edu.br	 
132dca2c-dd99-4121-a683-60deb46af08b	Alexander Junior Manso de Paula	alexander.contact022@gmail.com	 
133fc169-321c-4ecb-9210-0ea7d3056afc	Maicon Anthony De Souza Clemente	maicon007anthony@gmail.com	 
1378556a-516b-47b8-995d-eaa89f07f8b9	Marcio Francisco Sotero	marciosotero1277@gmail.com	 
1438f8eb-d8ff-4e7c-b801-b89628949fdc	Miguel Gomes	costamiguelga@gmail.com	 
147eab8c-29d4-4bdd-81db-ad2628b7e0cd	Mateus Castelo	msvip67@gmail.com	 
147fc579-bb1e-4b9e-95e6-67e28beae25b	Paulo Raykonen Carmo Santos	raykonenextreme@gmail.com	 
14ee89e0-748c-494e-b530-b5396a5474cb	Ricardo Fernandes	ricardo-aguiar3@outlook.com	 
154dc0d5-231d-4f27-9ee1-4dc2c9ecfcad	Enzo Henrique Alves Damasceno Egidio	enzoenrique01@gmail.com	 
15fef942-737a-4fd4-a091-2c1b988bfaab	Fabrícia Silva	fabricia.pereira.silva@gmail.com	 
1634a865-5707-47d3-802d-6cffd458a393	Caíque Nóbrega	iquenobrega@gmail.com	 
16e44238-6531-4b07-aa8e-a5153a9d12e2	João Pedro Rocha Assis	jprochaassis@gmail.com	 
17e0a61d-e209-442b-8ea7-d33bef830ca6	Letícia de Carvalho Barbosa	leticiacarvalhobarbosa@gmail.com	 
18188191-c8f3-4c0a-bb26-bb25100d1acf	Laura Guimarães	lauraguimaraes988@gmail.com	 
181a346f-ea17-493a-8644-d472f0b7ff62	Elmo Souza	elmohenrick11@gmail.com	 
187a46b1-08fb-4c8f-a7e7-ce2a172edbc0	Bruna maria Justino	brunajustinoj@gmail.com	 
1891f920-1bcb-4142-b4bc-3870bd3a2417	Ana Araujo	ana.araujo@gsuite.iff.edu.br	 
18d211d0-ef91-4207-9958-4d36718fec12	Pedro Brandão	p.brandao@gsuite.iff.edu.br	 
192a6bec-39ce-454b-a656-dbc97fcbdd38	Maria Fernanda	mariiafeernannda9@gmail.com	 
1938f24d-1672-47a2-be06-3dd6425eec80	Higor Gonçalves	higorllm@outlook.com	 
19a17cb7-bad2-40e3-907d-74cd95b5667d	Amanda Gomes	amandagbaltazar@gmail.com	 
19e72829-f02f-45b6-beb7-ac60f824c7b3	Caio Bensi Vitorino	caio.bensi@hotmail.com	 
1a055a27-f53b-42d2-9e58-20c114b6eac7	Caio Guimaraes	caiocesar.guimaraes.14@gmail.com	 
1a059daa-d389-49ab-be5b-c44264966880	Miguel Henrique Abreu Siqueira	miguelhrj21@gmail.com	 
1ada574e-f73b-4986-a20f-eefd1bf28e4c	Acsa Martins	acsaponzo17@gmail.com	 
1af61992-0967-4442-b50c-39fdb5ff34f8	Rafael Oliveira	rafaelcabreu12@gmail.com	 
1c21432d-38a4-4373-9f05-f35676dc328e	Renato Xavier dos Santos	renato.xavier@gsuite.iff.edu.br	 
1c30ed09-0720-4a40-a037-cc184892e90e	Nykolli Alves	josianadasilvarangel@gmail.com	 
1c42453e-ddf4-4c67-9f34-19861a574f6b	Júlia Souza	souzasilvajuliaa@gmail.com	 
1c60adff-3c9b-4b99-af3a-f0773ea7609e	Yasmin Medina de Castro Corrêa	yasmincorrea1@gmail.com	 
1cf656bd-e5d1-4ba0-b16f-dad9a139fb47	Crístian Vitor Ribeiro de Souza	cristianvitorribeirodesouza@gmail.com	 
1d2e335e-3263-4783-80c1-96b1725f3834	Marlon Soares	marlonlikes@gmail.com	 
1db7f99d-3a52-4306-aead-81546a4b553d	Carlos Henrick dos Reis Dutra	dutracarloshenrick@icloud.com	 
1dc77da0-af8d-409d-a9ad-8694bfedbca7	Rodolfo Maia Filho	maia.rodolfo.f@gmail.com	 
1df9356f-2b67-4671-a4f1-6cc37fcf4312	Andrew Canela	andrewcanela2@gmail.com	 
1e361e7b-48c1-4760-aa63-ad27135d7494	João Vitor Quevedo Barreto	joaobarreto2503@gmail.com	 
1eaf3810-dc14-4814-8e08-d596bd0ec210	Phamella Araújo	phamellaarago@gmail.com	 
1eb05b84-7a8d-4382-ad50-ddafb2b8ed94	Luiz Paulo Monteiro Moreira	luizpaulofilho2222@gmail.com	 
1fe5f574-c4af-4877-942b-27159fad0f80	Letícia Silva Alves de oliveira	papiroleticia@gmail.com	 
1fe7d92b-0b05-4169-b606-448851411d4f	Cláudio Henrique da Silva Lins Pereira	yeshuavira8@gmail.com	 
1ff092cc-af2b-4e8c-9b03-f76170e70b7c	DAVI BATISTA	goulartdavileonardo@gmail.com	 
20663957-d11d-4610-9e41-50f0fec0f681	Géssica Da Silva Nunes	gessica.nunes@gsuite.iff.edu.br	 
216f60d4-0bad-4dd1-9fc3-2382368223e6	Mariana Azevedo	mariana.azvdo27@gmail.com	 
21db375e-80ed-4dad-9fa5-31e47dd8ea7d	Eduardo Ventura	henriquesventura6@gmail.com	 
222ebaee-fbd8-48de-b0df-8cc1f6df60e0	Brenon Siqueira	brenonssouza@gmail.com	 
2237aa49-afac-4938-8426-0ba9c9f58ff3	Lívia Martins	liviamartins253@hotmail.com	 
225ed682-a0b7-43bc-83ba-cdbaebe935c0	Fabiano Baldez	fabbrito2008@gmail.com	 
2273a930-cbe2-4403-a359-9ca8870ba39e	Lidielem Gomes do Nascimento	lidielemsemog32@gmail.com	 
2299850a-6d35-427e-a79c-a415dfb24e98	Felipe Jandre	lipejandre@gmail.com	 
2343d921-2189-4c7e-a84f-7007e4bd7abf	Sara Dos santos vera	sara.vera@yahoo.com.br	 
2397a956-2ed0-430d-97b9-0b3acf13919d	Helaine Rocha de Paula	helayne.rocha56@gmail.com	 
2427a3bf-fc0c-442d-9893-a6daefd3c967	Ramon Alves	ramon.alves.b.24@gmail.com	 
24bcaa49-9f5e-4d86-b04b-d5145cf18bf5	Pedro Miglian Monteiro	pedmiglian@gmail.com	 
24c566ce-f32c-48a6-ae36-efd68985628f	Kauan Schumacker	kauanschumacker03@yahoo.com	 
25199168-c718-47b6-bca1-ab7e4f0a9a5c	Paloma Cavararo dos Santos Brum	palomacavararo@outlook.com	 
25517f66-32e7-4f11-8195-b15a4a8737d4	Rowan kindel	kindelrowan@gmail.com	 
25aef2ea-7a68-42c8-92ec-63fe74b4a59d	Laynne Ferreira Teles	nyne_ft@hotmail.com	 
267323c9-bf7c-45e0-a679-23e15c237364	Victor Hugo Da Silva Teixeira	vhstvhst@gmail.com	 
26a8c181-554d-47f2-9249-34f1a43a33dc	Gabrielle Alves	gabriellealves294@gmail.com	 
27286788-eb6c-4eba-9bdf-e23cebbf4e02	Gabrielle Conceição Neves	gabriellecnevess@gmail.com	 
276bbbfe-55d0-497e-ae63-4a73c6ab2cb8	Kayke Barbosa	kaykebarbosa76@gmail.com	 
27983656-051f-417c-a328-febe522b7a86	Gustavo Oliveira Alamar Paula	hemilyane675@gmail.com	 
27b9b049-f5db-4744-9523-32dbd9d6f49b	Guilherme Lenz	guilenz2004@gmail.com
27cfff79-84e5-42b4-834e-b8e77f0bb44b	Matheus Henrique Barreto Ferreira	mdmbarreto@gmail.com	 
27f0f93b-b13d-4f0c-a621-7559a6128388	Fyllipe Bernardo	bernardofyllipe@gmail.com	 
282d1035-08bb-4eb3-911c-a0400ee7ee8e	Fernanda Sampaio	fernandasantossampaio74@gmail.com	 
28861b77-1d62-47a9-99f1-ef095c32cdfc	João Damaso	joaodamaso2001@gmail.com	 
28f6cd1f-0c6d-4c87-9077-f8f03f1a0f6a	Eliane Henriques Paes	elianehpaes@outlook.com	 
291ab3be-bf9f-4e15-81b5-c09224905fb7	Júlia Barbosa Dantas de Oliveira	juliabarbosaddoliveira@gmail.com	 
2930f221-9396-4f0c-9a87-22b2bd521099	Soraya Monnerat Silva	sorayamonnerat15@gmail.com	 
29b8f06d-b7f0-462b-ad47-18e58c104266	Lucas Ramos Lopes	lucasrl12@hotmail.com	 
29ec5893-2cf5-42ff-bffe-70ceb30c019c	Willian Victor	willianvictor.g@gmail.com	 
2a29cb5f-f508-4d91-b7b6-3572f4109b23	Julia Ribeiro Vieira Sobral	juliarvsobral@gmail.com	 
2a635a15-d752-450d-acd4-c3c46320689d	Vanessa Dos Ramos Santana	wanessamvj15@gmail.com	 
2b2e5452-bc22-4534-aef5-41eb7977c59a	João Victor Silveira Marçal	joaomarsalmarsal@gmail.com	 
2b52ce2e-301d-4be7-81d6-ce5e8b659116	Antonio Lucas	antonio.nobuzeker@gmail.com	 
2ba32dac-072c-4d14-8d1b-a6edf176a5cd	Luan Souza dos Reis	luanreis213@gmail.com	 
2bccf4cc-7897-48cc-9d53-1ac5a984a0ec	Isabelli Cunha	isabellicunha21@gmail.com	 
2c44e67a-1177-4972-8132-f9c050280578	Luis Gustavo Faria Corrêa	lg5937812@gmail.com	 
2d40e72c-76da-4044-824d-d427f723b9d3	Jose Perez	japerez1000@hotmail.com	 
2dc0852d-9eb0-4362-a51b-75d0b206e14a	Caio Henrique	chenriqueolisouza@gmail.com	 
2dd5979c-a51f-46d7-a4a0-5a63400a849b	Jholy Calebe Santos Merces	jholymc@gmail.com	 
2e4f590b-9ab9-43e4-a369-8529c2bad851	Rayssa Jacomini	rayssajacomini123@gmail.com	 
2e572b87-c252-4840-81d9-cbe74ec90858	Victor Batista	victorbarretogbatista@gmail.com	 
2e7af417-6ab9-42a9-a7fb-00e7c77b542d	Tamyres Simões Drumond Fernandes	tamyres_drumond@hotmail.com	 
2e8c75e5-904b-4510-834b-59db78475c13	Miguel De Araujo Pinto Coelho	miguelaraujoclaro@outlook.com	 
2e92ce2f-e9bf-4640-96e0-16ebf8ad9193	Caio Leorde	caio.olivieri12@gmail.com	 
2f04d967-ddf8-4ea8-93ca-a607918b2f84	Bernardo Oliveira Capanema de Souza	bernardo.oliveira@gsuite.iff.edu.br	 
2f313401-2b18-4eb4-a89c-32ae850c753f	Giovana Gandra Riscado	g.riscado@gsuite.iff.edu.br	 
2f95fee2-7770-4d54-a01f-dd7a45187720	Alisson Rodrigues Cordeiro	ostralisson@gmail.com	 
2ff678fc-6138-488e-91be-a34d6aff604a	Kayk Souza	kayksouzapereira82@gmail.com	 
305d22bd-e5cc-40b4-a837-df6d54911d0f	Mariana Pinheiro	mariana.pine852@gmail.com	 
30a3c1ff-b724-46ab-9c12-c761677efe7b	Mariana Diniz	dinizmariana90@gmail.com	 
3154d8fd-c6ad-4ca0-a4ba-8ffd15616153	Lucas Lima Da Silva	lucaslimadasilva2021@hotmail.com	 
31c67813-5b08-460a-8d72-633d3a9bd888	Leandro Gonçalves de Sá	leandro.gsa2@hotmail.com	 
32312134-155e-481c-ba47-15a4d089868a	ALEXSANDRO Soares DA SILVA	asoaresdasilva@hotmail.com	 
3320d34b-0ffc-4bd4-a0a8-247923d4f3a7	Victório Augusto	victoriopimenta@gmail.com	 
34172069-32e9-4979-9646-9bce724c8228	Emanuelle Gaipo	manunorbert20@gmail.com	 
344a0376-4229-4a38-a64e-5427983c015c	Gabriela Santos	gabrielassap63@gmail.com	 
34890f53-8751-43f6-9b22-b7ef225cdf65	Isabela Da Cruz Uzai	fernandesuzai2018@gmail.com	 
349589f1-6cd6-45bb-8d0e-2c1026d8f8a6	Sarah Francis Bouças de Souza Marques	sarinha.split@gmail.com	 
3571780d-269b-4987-a396-7f1ef3486dca	João Pedro Pena de Oliveira	jp.oliveira2003@gmail.com	 
36165d4f-0e53-4961-b78a-5d81c1fbc421	Laura Fontes Almeida Barcelos	laurinhafontes1@hotmail.com	 
36bbb849-c022-4df4-be26-9e5600689e96	Rodrigo Da Costa Silva de Souza	rodrigocosta806@gmail.com	 
3747f9e0-a02c-4988-945a-1c864302a65b	Lucas Gonçalves	lucas.bsgoncalves@gmail.com	 
3749abd1-18c2-4729-9630-1f27d5878342	Rayenne Andrade	rayenneandrade@outlook.com	 
386c52a8-f294-4538-89e4-a2017e1fe746	Carlos Davi Souza Nunes	carlosdavi2703@gmail.com	 
392b4706-3263-434f-956d-74b796c30072	DANIEL RIBEIRO DOS SANTOS	dl263514@outlook.com	 
3950f914-e8e0-4168-954c-74b718b4eb58	Daniel Francis Bouças de Souza Marques	danielmarquess.123456@gmail.com	 
39682a92-1967-4d6e-ae5c-63d729b3fb3d	CARLOS VICTOR BARBOSA NUNES MAIA	carlosvictormaia@yahoo.com.br	 
39d23db2-be69-46d2-911b-2630da79d5f7	Diogo Buy Couto Aguiar	bcaguiardiogo@gmail.com	 
39e30674-e12b-4b01-bc26-d7d8e3457b86	Matheus Alves	matheus.alvesneves11@gmail.com	 
3a425cff-bd7a-491e-a0bf-6ff6075acb50	Marcos Nogueira	marcosnogueira.filho@gmail.com	 
3a6d13a1-e948-436d-974d-4921dc91ffc1	Felipe Alves de Amorim Mora	felipemora4@hotmail.com	 
3b98c0ba-d734-413a-bf54-8404023bfa84	Kaio Gomes	kaioffgl@gmail.com	 
3c22ad07-c0f9-4bb9-a8a7-6fd8b6b07f8c	Larissa Silva Moura	larissamoura256@gmail.com	 
3c2e0a05-ac86-4418-8540-09d815bdf287	Brendo Vasconcellos	brendovasconcellos09@gmail.com	 
3c4a29da-39ce-4593-8649-49e0d1f57827	João Paulo	joaopaulosoaresbraga07@gmail.com	 
3c60703d-3f47-40f3-9858-51a0cd368a73	Estephany Xavier	estephanyxavierds@gmail.com	 
3d69501c-8982-4c2b-8c05-8b502b640864	Rebeca da Silva Paes	becapaes03@gmail.com	 
3d89a01b-7d8c-4381-9e04-babe0e8929a5	Marcella Aparecida	marcellaaparecida11@gmail.com	 
3d8c6acd-5cfa-440f-bbc2-c4a63044d92b	Gabriel Viana Bastos da Silva	gabriel214vianna@gmail.com	 
3da6a2d5-3bc2-462d-b46e-a7fb4a059686	Marcely Bravo Campos	bravomarcely@gmail.com	 
3dac0454-2f84-4dd0-98f6-3fb4fdf342fe	Isadora Silva	yzahbtr@gmail.com	 
3df735e7-aba8-45f7-87c8-a2e1c18bb15c	Zoé Mello Freire	zoemellofreire@gmail.com	 
3e82dea4-34f1-4c12-a692-096ca43a9e55	Bernardo Cardozo	bernardimcardozo@gmail.com	 
3e905f0b-c643-4a3a-8d84-19a91d59695b	Kaue Neves	kaueneves92@gmail.com	 
3f564e52-c038-43e5-a4ab-f9641b5b23b4	Gabriela Soares Paes	gabrielasoarespaes050607@gmail.com	 
3fd22f6d-e782-47a2-a4b2-1a91958d7a9e	Beatriz Berton	beatriz.e.berton@gmail.com	 
3feb6e42-35fe-4b7c-a51b-5491d11fe407	Lucas Gonçalves Mendonça	lucasgmendonca2003@gmail.com	 
4044ed66-6fae-4c0f-ad3f-b899db1f5098	Felipe Queirós Mattoso Guimarães	fqm.guimaraes@gmail.com	 
4080f696-ee84-4a5e-9f92-8f626ab0e204	marlon soares	marlon200692@gmail.com	 
40aa56c6-f6da-4853-b9ba-91c3aa304cfd	Lara Mendonça	laramendoca31@gmail.com	 
40b57403-67f5-4397-9901-f9137b8d493e	Pedro Cosmo	pedrolucascosmo@gmail.com	 
40bb48f7-286c-4a82-b530-d551b13ebed1	Leda Barreto	ledaonvic@gmail.com	 
40d41e10-5df4-470c-b712-f7163622305e	Farley Charliston Machado de Souza	farleycharliston.tec@gmail.com	 
40ebec0d-b095-4597-b0bf-f9cc0747a466	Joyce Vieira	joycempv@gmail.com	 
41756c8b-ce8c-4293-ae4d-c8fad7019573	José Gilmar França Filho	jose.franca@gsuite.iff.edu.br	 
418e5d0d-4120-4dfc-a1f2-5052b72412db	Thaisa Monteiro	thaisa.monteiro@hotmail.com	 
41963cae-4193-4ff4-8a1d-81cff6f43e9f	Davi De Oliveira Machado	davideoliveira747@gmail.com	 
41ff3e10-8eff-4400-8a92-99ab3231aaea	Matheus Schuenck	matheusschuenck08@gmail.com	 
42068f55-f148-4114-a343-c4bf05344933	Luis Gustavo Ramos Bacelar	lgrbacelar@gmail.com	 
427076f4-c799-489b-a26b-0b4253125236	Natan Pessanha	natanpessanha@gmail.com	 
42cdae8e-884b-486c-93d2-5d5989386c46	Sofia Vieira Martins	sofia22martins@gmail.com	 
431b6b3e-ae37-4d5b-9f92-4a8f740f734f	Alexandre Peixoto do Carmo	apcarmo@iff.edu.br	 
4320fa57-e7dc-418b-ab29-a2d83b480bc3	Adriano Gatti Moreira	adrianogatti.mor@gmail.com	 
4392bd89-03e9-461b-8fda-b0728add97dd	Maisa Siqueira da Silva Silva	maisasiqueira_@hotmail.com	 
44921a8f-07c4-4dcc-a916-1155786d4810	Brunno Soares de Almeida	brunno-salmeida@hotmail.com	 
45333218-8f72-4c8d-a3b4-3d5a64559453	Ariadne Tonassi da Silva	ariadnetonassi@yahoo.com.br	 
45379dc1-1163-4503-86a8-aa8a3b2e1f2b	Nikolas Coutinho Da Silva	nikolas.coutinho@gsuite.iff.edu.br	 
453edbbf-d6ab-489c-8b47-53dd0d3836da	João da Costa Soares Fin	joaocsfin@gmail.com	 
455d3a27-be94-4eb3-82a0-d64533922b66	Matheus Paes	matheus.mora4@gmail.com	 
4578e9a7-6148-4457-ac73-c2c71be4e828	Messias Santos	messi_st@hotmail.com	 
45b8d658-dc9a-41e3-87b9-5b9a92f0fea1	Pedro Viana	pedrovianaro@gmail.com	 
45c53227-1d54-45ea-b38e-4fdf2892b814	Iago Paixão	iagofidelix26@gmail.com	 
46cfb720-5de4-4e4e-8373-a29bc242b793	Eric Pinheiro Ramos	ericramoskey@gmail.com	 
47aab43f-9971-40d8-9353-ac7f02f6dc49	Alan Menescal Cáceres	alanmenescal@hotmail.com	 
48d086ed-3a98-4fc3-81e9-7263264a0633	Jamilly Guimarães	jamillygodoy94@gmail.com	 
49193de8-2cfe-4141-84b2-812319193760	Nicollas Baldan Miranda	nicollasbaldanmiranda@gmail.com	 
4a201b74-a745-4a4d-bbda-bc84a75e1c3d	João Pedro Santa Rita Barbosa da Silva	joao.santa@gsuite.iff.edu.br	 
4a900866-be2d-4d20-9882-65b6741112d7	Pedro Galvão	pgalvaoc08@gmail.com	 
4aef9e20-946c-4d90-a60e-e14d85924a40	Mateus Dos Santos Da Silva	mateussantos1000@hotmail.com	 
4b02460c-9ab9-4b6f-bcf0-bdcd904bb28e	Maria Luiza da Matta Santos	damattasantosm@gmail.com
4b888fb9-a3d0-42b9-aca0-96e0e78ccf00	Yuri Dias	yurifariarj@gmail.com	 
4bd70b76-d54c-4747-a091-3ab90e9124d3	Luana Carvalho	luana.r.carvalho20@gmail.com	 
4befb358-2131-4f83-b37e-5048f5679aa5	Ítalo Ribeiro	ribeirooitalo10@gmail.com	 
4bf10533-f13f-4af8-a090-8ef43371100e	Gabriel Garcia	gabrieljacomo30@gmail.com	 
4c122fc6-c541-4d7d-9315-58183a0e3ac5	raphaela Alves de Azevedo	ffaelamac@gmail.com	 
4cdfcd25-bea6-4b18-be9f-0fc667094f90	Mariana Abranches Araujo	marianaabranc32@gmail.com	 
4cf4ae69-dfb9-48d3-9509-9877b0035a1e	Leonardo Alves de Freitas	leonardoalvezz50@gmail.com	 
4cfd2672-34b5-4b09-a2af-cf144881fcd4	Joyce Pacheco	joycesilva2009cf@hotmail.com	 
4d8262d5-4092-4048-8752-5decd62ac226	João Gabriel Ribeiro	andrade.r@gsuite.iff.edu.br	 
4dae43a4-91d7-4288-8899-76d763274264	Armando da Costa Morgado	amorgado@iff.edu.br	 
4daed269-b34b-44a5-97c8-718aa90b1fcb	anne sthefani ribeiro dos santos	asthefanibr@gmail.com	 
4dbf39f2-cc64-4c58-ae1e-b67d71118ea4	Gabriel Saldanha de Moraes	gsaldanhademoraes@gmail.com	 
4dc333c3-62f4-4ce5-bf90-ace71e4d5606	Sara De Andrade Pereira	saraa-andrade@outlook.com	 
4dcc5cc3-5ea3-49e1-8c7e-4433a4422f0f	Ester Santos	santosester23@gmail.com	 
4dfa1c8b-a4ef-41f8-8660-733262173501	Cláudio Da Silva Martins	claudiosteam22@gmail.com	 
4e5d3991-642b-495d-82f5-07d552c659ee	Khayke Patricio	khaykepatricio@gmail.com	 
4edd2faa-2275-4108-8896-71a8576418d1	Leticia Rodrigues Maia	lelemaia1330@gmail.com	 
4eef939c-39c0-4a19-a344-2d78109e17b0	Bianca Corrêa Prata	biancaprata2003@gmail.com	 
4f045f14-b328-4eec-9d12-3612d18173e8	Sândala Rodrigues de Pádua	sandalamg@gmail.com	 
4fcbc10a-6f1a-4f70-9635-9664f49d0a6c	Ana Clara Pedro Silveira	clarinhalolly@gmail.com	 
4fd07668-e9f8-45f9-9051-ab9ba0e439ab	Gustavo Moraes Rocha	gustavomoraesrocha05@gmail.com	 
509b21d6-25fc-43a1-8492-d9d68b53e485	Arthur dos Santos Peixoto	arthurpeixoto142005@gmail.com	 
50cd1c02-ebaf-4527-9df1-f04f9b4c6bed	Nélio Teles Ribeiro Júnior	neliojunioribeiro92@gmail.com	 
511fd526-e4da-44b7-8401-b591582f3261	Luiz Matheus Queiroz Pires	luizmatheusetp@gmail.com	 
51bb41b1-988e-4d91-b4a2-36e3e371abcf	Vanusa Tavares Rangel	vanusatr@hotmail.com	 
51dbf305-dd12-487f-9659-20f9339f9a8c	Caio Rodrigues	caiorodri78@gmail.com	 
51e073e3-0b39-4ffc-9f85-c76bacb26743	Izza Alvarenga Pereira da Silva	izza.alvarenga@gmail.com	 
51ec9eec-b1a7-4e6e-98dc-d7e8e7cf11ba	Ingrid Henriques	ingridhenriques1999@gmail.com	 
51f17640-aec8-4876-8944-7dc85c82020f	Andrey Uchôa	andreyuchoa22@gmail.com	 
521883ec-b132-4971-8ebe-efd1788b4943	Sâmella Barbosa	samella.azeredo@gmail.com	 
522508d0-1b33-44f1-a23c-cae13ac0548c	Laianne Lopes	laianne23@hotmail.com	 
5251a307-4138-4aa9-b8fb-6f84f9e6262d	Eduardo Quaresma Magaldi	edulucaresma@gmail.com	 
529602bd-a2a7-4a22-872a-7fe149f4297b	Rayssa Menezes Bandeira	rayssamenezes258@gmail.com	 
529e4787-e0f0-444d-8585-4c9486b949dd	Deivid junior	deividcampos-@hotmail.com	 
52dc2fd5-c335-4539-a603-6c3923cd3f72	Luana Alves de Sá Martins	luana-asm@hotmail.com	 
539a96f7-63a9-4903-b73a-42ecd3c11b57	Rayssa Gonçalves Batista	martinsrayssa007@gmail.com	 
53c1ecde-2bde-4fe3-9d6e-df518fee7e9d	Daniel Sena Fiuza	fiuzadaniel8@gmail.com	 
542b54aa-4cae-4d6a-bb4e-f0f7d7c6bc46	Ísid Filleul	isisfilleul@gmail.com	 
5456249f-4cf8-4c0a-a818-52206480e30e	Paulo vinicius Dos Santos moises	paulo.vinicius@gsuite.iff.edu.br	 
548c1993-9604-4c33-880f-e1342abbbfb5	Léo Cardozo	leocardozosa1@gmail.com	 
549e68e9-438e-414f-99f3-9b5c49d266ce	David Oberdan	david-dias123@hotmail.com	 
54a08949-b535-49d3-a4bf-f94646002e85	Leonardo dos Santos	leonardobee8@gmail.com	 
54a5ceaf-e437-43ac-be63-7ce04cc427b4	Ryan Folly	ryanfollt@gmail.com	 
54d72886-85ab-440e-8d4c-2b47d25a717b	Sabrina Madureira	sabrinamadureira321@gmail.com	 
54d90c8e-4901-425f-b374-cf57a76ce806	Matheus Fabiano	matheusfoly2011@gmail.com	 
559a55f9-aa8b-4de4-8f6f-e47fc4e1edf1	Stefany Gerhardt Cruz	stefanygerhardtcruz@gmail.com	 
567ccc0d-1cb1-42d7-899d-67a25695098e	Amanda De Souza Ribeiro	amandinhaiff0@gmail.com	 
56cfa306-2af2-446e-9aa1-4615e550b774	Felipe Cavalcante	felipecavalcante1207@yahoo.com.br	 
56efbabd-7176-4db2-af55-fc81551d8c57	Giovana Cardoso	giovanagomes251@gmail.com	 
56f0172a-4572-4107-bba2-3f68794ad244	IVANIA SANTOS BARBOSA	ivaniasantosmarc@gmail.com	 
5715c421-bd78-43f7-9950-57a710cbf64a	Gabrie Alvim de Morais	gabrielaalvimmorais@gmail.com	 
5733a47b-186f-42f9-9a0f-6a7b85283b71	Júlia De Freitas Borges	julinhasininh5@gmail.com	 
57345521-d804-494a-8383-db5cceae8f01	maria eduarda dias dos santos	diasmariaeduarda30@gmail.com	 
57851cf5-08fe-42b8-ba3f-8bf9a1896b8b	Kayque Gomes Martins	kayque.martins@gsuite.iff.edu.br	 
57981692-e811-4621-9268-9aa37de01455	Luis Felipe Reis Andrade	luisfelipeandrade55@gmail.com	 
57a91663-92e4-4bb7-8cd3-681eedee4063	Nicolly Maia da Silva	nicolly.maia18@gmail.com	 
57d8762d-6d02-4a1b-aa5a-e6cc81875d43	Daniel Souza	danielluca6401@gmail.com	 
58ad5969-10f5-44d4-95e9-53c1af6c59c8	CLEYTON DE JESUS	cleytonstec@gmail.com	 
58c69544-4ade-44ae-a4dc-3251348bcb72	ANA DE LIMA	anaclaraalvesdelima7@gmail.com	 
5912d906-4d42-4639-bea3-53726e8663e7	Leonardo Da Silva Lima	leolsl1557@hotmail.com	 
5a0a7579-3b5a-469c-8674-d5bca662d8c2	Raíssa Jardim Rodrigues	raissajardimrodrigues@gmail.com	 
5a2fb284-1a46-4fce-8ab0-a7dc535ebf54	Nathan Brandão	nathan.brandao@gsuite.iff.edu.br	 
5b23d4ff-3d90-4716-bcf0-25a228934eb0	Rebeca Anquieta	anquietarebeca@gmail.com	 
5bc5a7e9-4a67-4275-be9e-f895cff480b0	Vinícius Botelho Pimenta Pinto	vinicius2003botelho@gmail.com	 
5bf00e22-fa7c-4191-ab09-b461b2935858	LETICIA DA LUZ	leticialuz459@gmail.com	 
5c32ae4f-d756-4301-b874-5b51c0a145de	João Marcelo Martins	joaomm.iff@hotmail.com	 
5c5aa597-3c50-4623-9881-f86c57951861	Gabriela Da Silva Ibañez	gabiibanez1@outlook.com	 
5c610695-126f-483d-9fb9-9631983d9b88	Walter Monnerat	monneratwal1@gmail.com	 
5d275c88-8417-4190-937b-57d4b86a0feb	Blenda Magalhães	blendamagalhaes605@gmail.com	 
5d46c398-428d-4353-8355-b999c86600f3	Thaís Rodiegues	thaisprofquimica2019@gmail.com	 
5d9c19ba-c3e0-4580-8b36-7f004097b9bb	Daniel Junior Viana Honorato	daniel.juniorkinder@gmail.com	 
5dbd4b14-b172-4a17-ad5a-61071bfe52e0	Inara Oliveira	inarabernardo72@gmail.com	 
5e053670-47d5-4abf-9c94-5f2aa6963b1f	Matheus Marinho	matheusmarinho905@gmail.com	 
5e289789-4c3f-4de9-8449-4bff7c6a9e2c	Felipe Vasques Ribeiro	fvasquesr10@gmail.com	 
5eb222df-df23-446c-992f-37a132c55568	Davi Sales	davisalles643@gmail.com	 
5f4b57dc-0ee8-4ff9-b743-6dccfbc264e7	Lucas da SIlva	lucas12valim@gmail.com	 
600147aa-4de0-42e7-927c-b39f6551df14	Ingrid Silva	ingrid.taianeo@gmail.com	 
6009252b-7ff1-4092-bdc3-de3704a9407c	Philipe Pacheco	philipe.pacheco@outlook.com	 
6016a144-4a35-4b43-b054-a4db32ab5308	Daniel Castor	danielcastor.melo@gmail.com	 
602083ca-ec76-4cf9-9578-2c25c730cf94	luan sardinha lima	sardinhalimaluan@gmail.com	 
60247e13-1be8-48d2-84c0-29021cc039e9	Juelson Oliveira	juelson.oliveira@outlook.com	 
608ab4a0-e475-4755-82e2-a33bb42ee0e1	Alice Negreiros	alicenegreiros240@gmail.com	 
60afd08f-cb6b-419b-b8b5-c914ae0480a3	Pedro Henrique Castello Branco Dágola	pedro.dagola@iff.edu.br	 
60ce7fad-8509-4aae-ad0d-b4474a20baa6	Jorge Amado Lopes	jamadolopes@gmail.com	 
60fe95e2-7876-4b59-b566-5cfc31dcf5b2	Erica Escolario da Silva Santos	kaka.scolary@gmail.com	 
6123ed37-828e-4b72-a475-cc20244688df	Iara da Silva Sales Chrispim	iarinha_br@yahoo.com.br	 
61bd96f4-c357-4983-af28-c263c522679f	Reinaldo Junior	reinaldo.j@gsuite.iff.edu.br	 
62f08b19-18ea-4359-b960-37048a7dd9a6	Lucas Soares	lucas4soares@gmail.com	 
63175e98-ca0a-4120-8796-889f896fb41f	Christian Ferreira da Silva	christian.f@gsuite.iff.edu.br	 
6368d691-2b38-418b-9eee-a769b0917e72	Maria Eduarda Araujo do Nascimento	eduardaaraujo5925@gmail.com	 
6465c05e-7e6c-4eca-b828-9fc4f9b82b4b	Leonardo Pimenta	leonardopimenta76@gmail.com	 
64fbab51-f03c-4cc3-a20a-202a97aca9cc	Joao Manoel	joaogandrafilho@gmail.com	 
66d2b596-dbcd-4270-b20e-020e417cfad3	Matheus Pereira Basso	mqtheuspereirabasso10@gmail.com	 
67c0f5b5-7aa3-4c48-a389-ebd9d7d2f54d	Gabrielle Fragoso Cruz	gabriellefragosocruz@gmail.com	 
6872a630-0927-4d12-81e2-dd6da109343b	Lorena Loredo	lorenanavega35@gmail.com	 
68a66a2b-368e-4c45-b5c8-22652d2b7399	Arthur Neves	arthurneves2026@gmail.com	 
6915c0e9-4dfa-4ce7-907d-400be66d4cc5	Gabriella de Oliveira Pinto Almeida	gabriella.gabi15@outlook.com	 
692192ce-2fd0-4411-9c9c-5266eafb4f18	Giselle Dos Santos Xavier	gisellessxavier@gmail.com	 
6923e0db-c627-45a0-9629-a29f04a5fca4	Filipe Terra	terrafilipe02@gmail.com	 
6971f2d3-0117-48e0-8b43-ad5693561ea0	Daniel Rocha Barbosa	danielrochabarbosa66@gmail.com
6983247e-3467-46e1-b865-b8be2e5f8e07	Miguel Soares Malafaia	omigmalafaia@gmail.com	 
69e0e827-d2cc-4737-ac7d-e1a987ae9299	Richard Silveira	rixard2003@gmail.com	 
6a8ba277-a345-40f4-8dff-dc5043498f41	Lucas do Nascimento Melo Macedo Damasceno	lucasmelo793.lm@gmail.com	 
6a95e290-ac8f-4c8a-af0c-defe26d1050d	Eduardo Fernandes Gaspar	edufgaspar@gmail.com	 
6ace1d2e-a898-4f93-b8d5-e86a3f58a8fe	Luiz Felipe Duarte Domingues	luizfelipesouza990@gmail.com	 
6b00f0ae-32ae-4711-ae55-47775944e02b	Pablo Souza	pablocsouza2007@gmail.com	 
6b774d7c-855a-428b-a676-5ff3dbb18076	Anna Clara Barbosa Barreto Martins	anninha190613@gmail.com	 
6b81dfcb-391c-4df5-bcf8-88d79eaa681d	Guilherme Cardoso	guicmoraes23@gmail.com	 
6bd36d15-61b0-4cc9-96bf-90e6df552f71	André Mendes	andremendesmarini@gmail.com	 
6c8da86d-a1ed-481b-86c2-3d705a6bdea4	Nícolas Tomaz	18nickfogo@gmail.com	 
6c97a291-5c80-4129-a6c9-6bbe35f3452c	Gilson Nascimento	gilsoniffcontrole2000@gmail.com	 
6ccdfde2-a086-4b55-a25f-c4c7d66dd70c	Paulo henrique Gomes de oliveira	p.gomes@gsuite.iff.edu.br	 
6cdd65ab-59d0-4d2d-9cba-a3c11e8a54d5	Jean Viana	jean.ribeiro@gsuite.iff.edu.br	 
6d48a1e9-17c2-4c3d-b288-bdaf1bd725de	Aldo Vinícius Duarte Lima	vinijoncrafts@gmail.com	 
6d6fed65-f994-4328-b12a-c6aff3960a4a	Matheus Duarte	matheus.tdb26@gmail.com	 
6da07259-7898-4935-8d57-ff17706ecf50	João Mauro Medeiros	joaomauromedeiros@gmail.com	 
6dfd3551-b430-414a-89a6-2c7fd60e4106	Ian Emerik	iangouvea0@gmail.com	 
6e1461d3-8100-41a3-9e56-4546bd413f16	Plimys Santos	plimyssantos14@gmail.com	 
6e48faa8-2b72-4665-a281-386a030ff999	Lucas Macêdo	lucasamacedo@hotmail.com	 
6f0e7a63-c849-47e5-a025-d65fd1a6f4ee	Vitória Diamantino	vitoriadiamantino2024@gmail.com	 
6f451b7e-bbfc-4c0d-b455-376f642a85a6	Ian Picanço	ianpf2006@gmail.com	 
702cb4d5-d8a5-4085-8371-649d6b584767	Tainá Pereira	tainagamapereira@gmail.com	 
70902626-4756-4093-8265-214756564056	Hevelly Santos	shevelly7@gmail.com	 
712dee23-e4d8-4f32-88a3-c67c8d03894e	Gregorio Rocha	gregkappaun@gmail.com	 
715f2cfa-f823-4037-950c-2c0b15e0affe	Victor Wenderroschy	victorwenderroschy@hotmail.com	 
717568e1-c7dc-4560-b1a8-044a0825fc5a	Severino Joaquim	profnetoseverino@gmail.com	 
71920306-f34e-4c43-af77-a3808eb01806	Gabriel Messias de Freitas	gabrielmessiasdefreitas@gmail.com	 
7276069c-1ce5-438c-8217-e9b53fc63b7b	Kaiki Gomes Fernandes	kaiki9@hotmail.com	 
72e57c5b-713d-431e-b9ef-7b7f76b80ac6	ROSIANE MARIA	rosianecmaria@gmail.com	 
73363965-8aa9-49d7-b32a-880e604cf7ef	Yuri Rafael Nunes Alves	yurirafaelalves@gmail.com	 
73421af9-efd4-4ddd-9fd8-c15285a36677	Natasha Vilela	natashavilela.oa@gmail.com	 
734b381d-1db5-41c3-ae6c-719c9fbdfc1e	Thiago Cardoso	thiagocar440@gmail.com	 
73a1861f-aa4d-4a28-88a4-0699e230dd42	Hanna Jardim	hannajardim12345@gmail.com	 
743a225c-84e5-4038-a2a2-0f36e58c29d9	Bruna Colombo	brunnacolombo@hotmail.com	 
74b71818-10b6-4a3e-aac8-9069ebfa57f5	Eliza Ribeiro Leite	eliza.leite@gsuite.iff.edu.br	 
75b67a0d-40c4-4817-9132-87c007d78c14	Klauss Marchi	marchiklauss@hotmail.com	 
76143899-af7d-4a7a-ba56-2ca8582b096f	Arthur Nunes Faria	arthur.nunes2004@gmail.com	 
76aa0813-7d45-4a0a-92d2-06425a9e6cde	Isaac Cabral	isaac.cabral.75@gmail.com	 
771cc00e-fd14-4056-a4af-ace8e4f31bb0	Halana Estefany	estefanyhalana@gmail.com	 
7782a85e-58e8-469e-ba10-9572b9be573c	Kiyoshi Yoshida	00kdcy@gmail.com	 
77ec6814-334b-42ad-81fc-b8a426a1f295	Lucas Cardoso de Moraes	l.cardoso@gsuite.iff.edu.br	 
783d14a7-b488-4508-998c-58154083caba	Yasmin Santana	yasminssmf27@gmail.com	 
797e9280-3ad9-48bf-9e1e-600487288edd	Marcelo Almeida Ribeiro	marcelo.ralmeida.ma@gmail.com	 
79a0f71d-e29f-40a8-a6aa-cd2706532dba	João Pedro Tomé da Silva	jptome.unamar@gmail.com	 
79a6b78d-ac86-4c4d-b6dd-8cb0a1013b9a	Marcelli Machado	marcellimachado1206@gmail.com	 
79c3478f-d9ef-48a8-8b49-8dd0dac6db1a	Guilherme Gregorio Silva	led.gregorio@gmail.com	 
7ae803bf-e632-42ff-aa2d-8e238435babc	Vinicius de Oliveira	vinicius280403@gmail.com	 
7bef7560-47b0-4472-aae2-00c213f85f5a	Hugo Castelar Lack Veiga	hugocastelarlackveiga@gmail.com	 
7c526f3b-7dd1-4c22-8891-1f2865d20851	Gabriella Araújo	gab.araujo07@gmail.com	 
7d5f914b-5d20-4ede-acd4-e871e9a52c36	Vinicius Rohen de Souza	vinicius_rohen@hotmail.com	 
7dbb92aa-8d0d-4059-9dc5-aef95b1339cd	Jennifer Arosteguy Rodrigues freire	jenny2014arosteguy12@gmail.com	 
7de3092a-9fc9-404a-b33c-428e18a70542	Juliana Silva	silva.juliv@gmail.com	 
7df1255d-c540-4ba0-bd01-35cf72550c0d	Tailana Marques	tailanacoelho2020@gmail.com	 
7e843cde-2c85-40b6-971b-febc713f1fea	Bruna De Paula Cabral	brunadepaulacabral02@gmail.com	 
7e9f54d9-986f-438e-96da-d58235874682	Giulliano Bigão	giullianobigao@gmail.com	 
7f363de0-255c-4e3a-a4ad-8efded929de8	Gabriella Da Silva Candido	gabrielladasilvacandiod@gmail.com	 
7f3be04f-0289-4193-bdac-6f4610380075	Jhonata Anunciação Santana	jhonataanunciacaosantana@gmail.com	 
7f40db06-316d-469a-9370-1ba1c5c54438	João Victor Matos Correia	m.correia@gsuite.iff.edu.br	 
7fb7a5c3-1e31-4747-8a1f-69631bca53d7	Isaac Magno Santos	isaac.magno28@gmail.com	 
7feb2205-d1bf-47dd-a404-e141b20eaa72	Cheila Silva Pinto	cheilasp@yahoo.com.br	 
8113e42e-2107-492b-8c05-c8e0a30d1134	Danilo Silva Martins	danilosm1119@gmail.com	 
818527b6-d98a-4b28-a582-33f8e721409e	Glauber Braga Ferreira	glauberbragaferreira@gmail.com	 
81a6eac4-e9a2-4e17-a3d8-6da6f79044b6	Ana Clara Santos do Desterro	anaclarasantosdodesterro@gmail.com	 
81f9516d-5f28-43cc-9440-f8173796dc4a	Nicollas Linhares Tavares Ferreira	nicollaslinhares79@gmail.com	 
8201ef47-d057-4f64-a971-1d9a8d6b4df3	leandro aragão	leandroaragao094@gmail.com	 
82458262-41e8-4635-b41f-29af36694d77	SILVIA FERNANDA REIS	silviafernandamacae@gmail.com	 
825fdee9-f759-4831-b157-66a9e6285adc	Mauricio de Oliveira Horta Barbosa	olihorta@uol.com.br	 
82cfffdd-de3c-423b-a46a-7dbc8d6344ae	Rodrigo Fontes	rodrigomf1490@gmail.com	 
832ba107-7672-437c-baa5-3354ce5b46ed	Kennya Cardoso Fernandes	kennyacardoso@yahoo.com.br	 
8332eb6e-7c05-4420-9f42-71dde74b7201	EMÍLIO Silva	evenicio123@gmail.com	 
8396afc1-f34d-45fe-8038-e8ebd6e9d7a3	Eduardo Filardo	e-sf-filardo@hotmail.com	 
846f40d2-c652-45c6-b0ca-7458459441bb	Pâmela Thays Erthal	pamelathaysmoraes@gmail.com	 
848b84c1-c665-4580-a9fa-7a611973463c	Davi Nicolichi	daviisaacnicolichi25@gmail.com	 
85651f5e-4d17-486e-bb1f-c2e38188913e	João Gabriel Fernandes Costa	joaocosta4329@gmail.com	 
8605337f-a605-4ab5-85c5-73d70675c805	Victoria Linhares Rocha	victorialinhares961@gmail.com	 
86242b44-7807-42d2-a5de-29ec4f293551	Maria Eduarda Hércules Lack	lack.eduarda@gsuite.iff.edu.br	 
86b20332-2869-4b65-8047-bcc8b7c10892	Clara Santos	clarassantos.luiza@gmail.com	 
8723383b-8e17-46d3-8d3d-74f65e5bc8e3	Elizete Maria dos Santos Silva Monteiro	elizetemacae@hotmail.com	 
874422f6-42db-421e-a406-f4d8a38d59b1	Mayanne Maia	mayannerodrigues@gmail.com	 
87ad9e0b-b15f-46d0-b078-293aa316e843	João Eduardo Persivo	jepersivo@gmail.com	 
87bac1b5-d828-4f8f-a295-49a06875712a	Paulo França	lucassfrench6@gmail.com	 
880b08e5-972b-4674-b5ee-e147b3675ac3	Iúri Vieira	iurisvieira@hotmail.com	 
88eebc0d-edc5-4653-973a-1b8d591c12fe	Davi Fernandes Monteiro da Silva	dfmonteiro23@gmail.com	 
8901b07a-140e-4913-b84d-55ba5ada2b58	Mel Barbosa	melkeitle@hotmail.com	 
8924d614-4fdc-48c5-ab11-0a72e9e41293	Jefferson Alexandrino Alves Santos	jf.asantos04@gmail.com	 
899ae923-cef1-431f-9a16-2018d0dbb98d	Mariana Cony	marianacony024@gmail.com	 
8a218b9c-1d37-4f51-bcaf-1ba4ac278c4f	ANDRE LUIZ DA CONCEICAO	tatiedel@hotmail.com	 
8ac99970-98dc-43c1-9c93-3d0ad8fe7dfd	Vitória Teixeira	vitoriateixeiravhst.12@gmail.com	 
8ae39e34-d41e-4a33-bb70-0ada6f8ea347	Nicollas Sant' Anna	nicollasoliveirasant@gmail.com	 
8b310ed8-8194-4bd8-b13b-2b38681edd7b	Lucas Santos	lucassantos.26@outlook.com	 
8b800f56-e668-43d1-acb6-e074e869f0f4	Carlos Eduardo Corrêa	carlosedu41206@gmail.com	 
8b9b8822-03ad-4b94-b28b-35eb21107cd4	Jhônatas Ribeiro	jhoribeiro222@gmail.com	 
8bf16681-759b-4062-b386-609d5128e072	Ana Caroline Pessanha Resende	najjarpessanha@gmail.com	 
8cc267a4-5a24-4274-8ec7-9578bdcf5069	Gabriel Felix	gabrielfelixgm@gmail.com	 
8cc40847-164e-463c-97d1-346f560bac14	Pedro Lucas Faustino Oliveira Gonçalves Faustino Oliveira Gonçalves	faustinopedrolucas@gmail.com	 
8ce75643-1656-41a2-bbb9-5c297be76dbb	Roger da Silva	rogercsilva93@hotmail.com	 
8cea5612-7af8-45aa-8d06-29086150284c	Anderson Hosken Balzana	anderson_balzana@hotmail.com	 
8d279458-701a-4b10-be34-30e3f42e55c1	EDUARDO HENRIQUE SILVEIRA	eduardohs2004@gmail.com	 
8e1d2241-7929-4303-b3cf-5de984bc7639	Kauan Monteiro	kauanmonteiro238@gmail.com	 
8ed36143-1519-4a31-b69c-e6f8edef425f	Paulo Ricardo	pauloricardodearaujomanhaes001@gmail.com	
8fd2f81e-8c2e-4d2a-8e92-79ec5fb84130	Ana Julia Mendes	anajuliagmendes07@gmail.com	 
90ed4dee-3f8f-444c-8fcf-7b233f6b40bd	Isaac Alexandrino	isaacmarchon6@gmail.com	 
9121430d-3ba9-4c38-a4c4-8c4a22978684	Gustavo Mello	guga.mmello2015@gmail.com	 
91ac5ef9-e318-479f-8d63-33c7c636a217	SAMUEL DE ARAUJO	samucamancraft@gmail.com	 
91c00b32-b46c-423e-9334-c700431f251f	Deyvid Moraes	deyvid.moraesferreira@gmail.com	 
91c177dc-0a5d-467d-86ab-7a74ef6063d1	Pietra Feitoza	pietrafeitoza@gmail.com	 
91c8d0b9-9fb9-4dd8-80bf-f0e103ec206e	Ellen de Carvalho Manhães	ellen.carvalho0308@gmail.com	 
91eee146-3f98-43a3-b1b2-eee3d74bfd83	Ana Paula Bastos	bastosanapaula1999@gmail.com	 
921a234a-5283-4f45-9278-9a367defdcc8	João Gabriel Pereira da Silva Ferreira	joaogabrielpereiradasilvaferre@gmail.com	 
92371946-f746-43a0-a807-be848837fb8a	Esther Sarah	esthersarah281@gmail.com	 
925c3841-eb4c-465d-bc50-42773f4f5477	Regina Medeiros de Carvalho Carvalho	negamedeiros28012019@gmail.com	 
93a15353-4f19-47d0-8a55-dfef4532534b	Gabriel Renato Pereira Campos	grpc1234@gmail.com	 
93f9fe2b-aa9e-4b40-9327-1f1020549e97	Evelin Costa da Silva	evelyncostasilva2000748@gmail.com	 
9438c10c-534c-45b6-97ce-3e0714533ea4	Júlia Rodrigues	julia.bosco@gsuite.iff.edu.br	 
94f1a650-2543-4c5a-9994-5730eef62411	Davi Messias Costa	davi.messias.costa@outlook.com	 
94f365cd-7220-4294-bc2a-f3e7db6e7041	Jefferson Ferreira	jefferson.eng1995@gmail.com	 
95232a00-e26b-43fc-bee6-97ad0245c2d9	Arthur Urbanetz	arthur.urbanetz@gsuite.iff.edu.br	 
953c9ac2-390e-44f1-97fa-b2dd35b4b278	Adrian Braz Balzana	adrianbalzana@gmail.com	 
957f8059-a0b4-489d-af9b-8f3b3f396594	Rafael Targa	zucolototarga@gmail.com	 
95aa5b1a-c8f5-4deb-b828-416495eb1781	Gabriel Farias	gabriel.farias@gsuite.iff.edu.br	 
963aa066-79ea-4326-9cb9-aff88d6d3753	João Henrique Nascimento Viana	joao.henriquejh45.nv@gmail.com	 
96779b0d-d2a0-4cd7-bc8e-3b7c8d123dff	Erick Camara de Castro	erickcdc15@gmail.com	 
9682c5bf-d623-4fb0-bd4b-e090f35e9c32	Gabriel Matias	gmatias.nascimento@gmail.com	 
96f84cde-a113-4458-aafb-671362fece7c	thiago xavier	guinhoxavier01@gmail.com	 
9740b92d-cec6-45d0-9b16-dccdcbed7682	João Vitor Melo Dos Santos	jvmelodossantos@gmail.com	 
976f2136-9146-4841-b29a-c07b0974e398	Taynan Fidelis	taynanfidelis@id.uff.br	 
97703b79-20da-481d-8b8d-bcc34056f3d0	Patrick Dine Barcellos Ferreirinha	patrickdine.2003@gmail.com	 
981055ff-949f-48e5-a6a3-fb4b524e4cca	Maria Luiza Gonçalves Vieira	malugv2007@gmail.com	 
98271c69-8bee-48aa-9866-163173e06de2	Bruno Guilherme Lopes da silva	brunoguilherme1307@gmail.com	 
991e69f8-493c-44a1-894c-13f40d71a493	Lheonan Vieira	lheonantaveira011@gmail.com	 
9978f426-153e-4fbc-a004-f5ec5cd48220	Luiz Rocha	luizguilherme.rochas@gmail.com	 
9a1d4f00-2680-4fb3-bafa-a6943905c9db	Vitória dos Santos Ferreira de Souza	ferreiravitoria672@gmail.com	 
9a3ab0f9-a030-481d-887b-b0c3c2cce12a	Bruna Esteves	esteves.jfbruna@gmail.com	 
9a588397-87b6-43e0-8571-8b3d11519f97	Néfi Rolim Souza de Jesus	nefirolim2007@gmail.com	 
9a934b80-0628-48ec-a16a-7c8b46f1ec79	Marcos Paulo De Medeiros	marcosphx@outlook.com	 
9b0164d8-f941-4cf2-b045-09d5a56c1b3b	Kevin Sant'anna	kevinsantanna16@gmail.com	 
9b241b4b-a3b9-4b84-94c0-02f27a9a9d48	Eduardo Venancio	eduardo1daisy@gmail.com	 
9bdc4119-4316-400d-af26-dba0f435a82e	Pedro Henrique Lima Costa	pedro.hlc260807@gmail.com	 
9c61b80c-4924-4b04-a0cc-de4f6f77ad9f	Shaiana Almeida	shaianaalmeidadacruz@gmail.com	 
9c8f6557-0fd9-4cdd-be47-d16852196798	Vinícius Maravilha	vinibola7@gmail.com	 
9cf4d8f9-acec-440b-b813-85f528d4b31c	Igor Freire	igormfreire11@gmail.com	 
9d0b91bd-407e-468f-9814-9f46e0287dbe	Luan Maia	luansantana.maia8@gmail.com	 
9dcf618c-3275-45f7-9ff7-8025f63ed3b0	Gesiane Nunes B. RODRIGUES	gesiane.n.balbino@gmail.com	 
9e58e75d-e766-406c-8d7f-b42bd8d9d5b4	Manuela Lippe Alves de França	manuelalippe8@gmail.com	 
9e6c242b-5a9e-4a11-a68c-8b0d9c8ee62b	Stefanie Santos	stefanie.santos@gsuite.iff.edu.br	 
9f5056a6-ed9e-4ebf-ba35-32599be13b85	Kelly Fernanda De Oliveira Santos Domingos	kellyfernanda22102002@gmail.com	 
9f6d5386-0271-45ee-8e0b-2ddcbff2c6dc	Jéssica Fernandes	lindinhadejesus864@gmail.com	 
9f9126c3-cf5c-4675-91bd-858ae5372c85	Leandro Pereira Galdino	lpg.pereira1@gmail.com	 
9fe87a14-dfed-4ae0-a1de-5b98f44a4235	Obadias Pierre De Oliveira dos Santos	obadiaspierre@gmail.com	 
a017ac48-04a9-417b-b3aa-b16028e7390d	Kamila Jullya Da Silva Miguel	jullyamiguel2019@gmail.com	 
a0bb359b-802b-4dc5-9fdd-19e6026ccb54	Bernardo de Souza Santos	bernardincaytlin@gmail.com	 
a0fcb47c-f913-480a-ad60-8142eeeb40db	Carlos Alberto Junior Mosqueira de Oliveira	ca.juniorbebeto16@gmail.com	 
a13bd224-4eb7-4c6f-9d10-0c590e12c884	Bruno Bernardo Palmeira	bruno.palmeira@gsuite.iff.edu.br	 
a13ee655-b9f3-494f-a6f2-3cf1cf2bdd9c	ADONIS TEIXEIRA DE AZEVEDO	adonis.azevedo@gsuite.iff.edu.br	 
a1762cbd-dac6-44b1-91c5-1d2e9662f5fd	Gabriel de Lima	g.g2104@hotmail.com	 
a1c8f295-cca6-4312-9a0d-ffd8d6e8c8c2	Cecília Cunha	ceciliap.cunha1@gmail.com	 
a215b503-bbd1-43ff-a7a5-156343658603	Jhonatan Coutinho	coutinho.jhonatan@gmail.com	 
a237629f-f932-4d93-a05b-1b19931b904c	Yasmim Pires	yasmimpdsc@gmail.com	 
a267e653-81d9-43f2-859d-5f06d9626515	ana couto	anaclaracouto74@gmail.com	 
a2912967-70ac-4c66-965b-b42b3ef1a11c	Arthur Barreto	arthur.jabor@hotmail.com	 
a2e83138-e27c-41a4-8118-049533406ba9	Allan Pereira	allanmgpereira@outlook.com	 
a345ba76-8c25-4476-8e8c-3e09b21b99d6	Suély Anacleto de Souza Tito	suely.anacleto@hotmail.com	 
a3850c66-a2a7-47b6-9153-147154187fd5	Giovanni Nascimento Nóbrega	giovanninascimento25@gmail.com	 
a39b7018-9b1c-447c-8780-7be7131fe6f7	Carolina Machado Barbosa Tavares	carolmbtavares07@gmail.com	 
a39c93f9-76f0-4181-a356-dfa5a415afd6	Lauren Stoller	sclstoller@gmail.com	 
a42921e7-86d6-42b8-9eb5-e88607c2b81c	Helena Nunes Pinheiro	helena.nunesp3@gmail.com	 
a4a5d77f-934e-4396-b085-718679739290	João Fábio	joaofabioirineu@hotmail.com	 
a5081100-f3b8-494a-8a83-4f9b2691635d	Arthur Cavalcanti dos Santos	arthur.cavalcanti@gsuite.iff.edu.br	 
a528d5b8-9f17-4dcc-8fa5-496b9c091ab0	João Vitor Monteiro	joaovitormonteiro38@gmail.com	 
a643097b-e3cc-4911-8533-f8487f8b996b	Luan Henrique	luanhenrique5790@gmail.com	 
a69a9008-8721-47e9-8abf-d3e891284b58	FELIPE ROCHA	fe.rocha.alves@gmail.com	 
a899ead0-4b57-40f6-964e-c8a1b3247b60	João Lucas Machado Quintal	eletromecjoaolucas@gmail.com	 
a8df3565-c74c-4b42-a8f6-8ac12c6a580b	iury franco	iurysantanafranco@gmail.com	 
a8f958b5-ba82-47e0-95bc-7c3b6c27c654	Vânia cristina Souza Nascimento	piracema.souza@gmail.com	 
a95cdebf-aa47-47ed-a148-0e625b87788a	Mirela Silva	mirelasilva0519@gmail.com	 
a98c4a04-aedf-4121-a41c-c7695fdce697	Rayra Moreno	rayramoreno1@gmail.com	 
a98f8c0c-1fcf-4e6f-bf7d-ab240bd66299	Roberto Zulo	robertozulovl@gmail.com	 
aad9694a-f8a0-4989-b642-9278e5560b72	Juan Sales	ojuansales@gmail.com	 
aaee0795-b9bc-4cf6-85c1-035e42edf6db	Ana Paula Sena Rodrigues dos Anjos	anapaulasenadosanjos@gmail.com	 
ab839e2e-fc0d-4168-9ea4-a88ad6bb77b4	Maria Eduarda Batista Campos	madubbittencourt@gmail.com	 
abf0b013-4800-46bd-be35-3b6a04bed9c3	Yuri Portilho	portilhosyuri@gmail.com	 
acb495fb-e45e-422c-82c5-00f053514b1e	Pyetra Dos anjos	pyetra.dosanjos@gmail.com	 
ad114f5e-c540-44a2-9358-cd239dbf732d	Lucas Dimitli Batista Manoel	lucasdimitlibatistamanoel@gmail.com	 
ad176476-8008-43f0-bd01-b539b624b4fd	Arthur Santos	arthurmelo329@gmail.com	 
ad494c5a-1772-46b5-bf75-c94081e42f2f	Gustavo Porto de Souza	gportodesouza@gmail.com	 
addd3e05-9cfc-4f5f-b995-8d26d8b2e0bc	Flavio Franco	flaviofrancopr@gmail.com	 
ae5d255d-4efb-4970-8c95-7ad65efffef5	Maria Eduarda Lima	duksmaria2611@gmail.com	 
ae76eecb-a0db-40c0-a7ba-524abba54078	Wesley Ribeiro Xavier	wesleyrxavier12345@gmail.com	 
aedb8d59-c0f7-4421-9fc4-fac1ecf54a9b	Rafaela Amorim	rafaelaamorim10@hotmail.com	 
af315afe-0647-4288-888a-f0e9b7ab5466	Arthur Marques	arthurmarquessilva1289@gmail.com	 
af3d92a7-940d-4422-820b-14b6fcf0f01a	Victor Hugo Noschang	victor.noschang@gmail.com	 
afabef4b-5a81-4df1-bd7c-1386085f979d	Lavinia Di Lauro Fidelis de Almeida Gessario	lavinia.dilauro2016@gmail.com	 
b0205f73-9ede-4e2a-946c-fe86472dab02	Isabelly Moreno Gárcia	isabelly.garciaaa22@gmail.com	 
b0f7213d-587f-4d23-8bd2-079e4099ad82	Bradley Wallace	litblue477@gmail.com	 
b191e920-5f91-4995-b555-9103d4d20748	Jessica Mariana Ribeiro Silva	mjesicar@gmail.com	 
b2496c70-cfb2-480d-825b-2a86937d081b	Nathan Gomes	nathangomesbatista@gmail.com	 
b2deaf5d-1eea-4d91-be5c-51c2a23ad674	Esther Ribeiro Rohem	esther23rr@gmail.com	 
b3425587-1212-40c5-9f7e-67bb2c0b2012	Mateus Lessa Barbosa	barbosamateus979@gmail.com	 
b361ae97-f503-4b3a-a9fe-8e2425bd340d	Pedro Pinheiro	pinheiropedro036@gmail.com	 
b4150a68-a4ab-4af3-91af-294e5ca86fe7	Rafael Almeida	rafaelsoma465@gmail.com
b4434e6d-9819-4200-94a0-e6307f4124ad	Kethony Baiense	kethonyb@gmail.com	 
b4e77373-2c05-46df-b56d-a084a5661548	Arthur Carneiro	maozinha2008@hotmail.com	 
b55dd975-3c22-476e-90c7-f49c3d0463b6	Loyse Vicente de Oliveira	lovivicentes@gmail.com	 
b596614a-f579-4ad8-b17e-e38c3445ac2c	Felipe Pereira	felipesp12012@gmail.com	 
b5add7fe-9787-4a36-a792-55f01b4005d5	Lázaro José	lazaro-jose1@hotmail.com	 
b6bc4d32-d9ce-4f3b-ac79-ab760aadc01c	Daniel Figueiredo	danfigueiredo2007@gmail.com	 
b71abf1e-9ab4-4144-9d16-81f81b4b0ed2	Orlando Gasparelli	gasparelliorlando@gmail.com	 
b82a9bc2-d4bd-4b9d-884d-845e194f6eb7	Spencer De Souza Garcia	spenncersgarcia@gmail.com	 
b8730215-34a5-4549-b47d-ce0656d2c906	Luiza Lessa	luizaldsbp@gmail.com	 
b8ce2305-913e-4e69-86fc-1e1eff2848c5	Heloisa Andrighetto	helooliveiraandrighetto@gmail.com	 
b8f4416e-721b-4a94-b2b0-9369685da497	Eberty Endreus de Almeida Souza	endreussouza@hotmail.com	 
b98d8ba2-53c3-41be-8134-d47c81c9d2fa	Joelso Júnior	joelsojr1@gmail.com	 
b9efa81a-7735-42fd-86d9-3bae55931e97	Maria Juliana	mariajulianadesantanasilva1986@gmail.com	 
ba408b67-6414-494d-a641-b483b2b62ef3	Walter Mello	walterfilhomello78@gmail.com	 
baaa68e5-b020-408d-bdcf-d160d9d0f218	Guilherme Panesi	guilhermepanesi@hotmail.com	 
bab09792-3934-497e-9b05-2b2430203984	Henrique Ferreira Petinati	hpetinati19@gmail.com	 
baf785e2-6185-42ba-9b18-758e5aecfc00	Eduarda Moraes	eduardagmc@gmail.com	 
bb363c02-5ae0-40e3-a788-fa9a64371c6f	Emerson Ribeiro Gomes	emersonestudanteiff@gmail.com	 
bbb8b346-650b-4af7-9754-2c9c1243e6d8	Otávio Augusto De Sousa Brito e Silva	otavio.augusto@gsuite.iff.edu.br	 
bd553a16-5ec6-4d62-8e3c-2aad0344de84	Kayc Rodrigues	kaycbarros15@gmail.com	 
bd558272-fa07-4125-9069-153198a4d7e2	Pedro Ayres	predorebelde@gmail.com	 
bda2c365-dce7-4dda-b5ba-a34a69bef728	Sidney Carolino	borgesjunior246@gmail.com	 
bdc486c5-8341-47f8-b35d-2de4f47c46a2	Thiago Oliveira Andrade	thiagotttandrade@gmail.com	 
be29c9cb-f1ab-4052-9eb8-eec22ac65347	João Pedro Oliveira de Souza Oliveira	joaopedrooliveiradesouza28@gmail.com	 
be463078-cdbe-4bbd-9b85-aee30c091363	Iago Lucas	iagocampos11@hotmail.com.br	 
be76a4cb-6902-4958-a877-434d3145545f	Alan Alvarenga da Cruz Pereira Nunes	alannunes1909@gmail.com	 
bec5e514-bd89-403c-9373-8f92b36b4039	Arthur Marinho	arthurultra2@gmail.com	 
bf5a001c-f9be-4722-bf4d-94061da19060	Pedro Azevedo da Silva Costa	pedroazevedoocosta@gmail.com	 
bf9d592a-fb20-4311-ac83-3492e2eec379	Henry De Souza Caetano	costarobertoleandro@gmail.com	 
bff2cf50-960e-4af5-8d46-998452c3cc19	Davi do Amaral Pereira	ffda.pereira@gmail.com	 
c05aa9f1-4cda-4787-ba6e-46e4fd6f3ac7	Thaíz Sobral	thaiz.sobral2@gmail.com	 
c0cba1c5-b443-4a47-87f6-c8818c26f255	Luís Eduardo Maldonado Pereira	luiseduardom@ymail.com	 
c19c01be-c774-4f4b-aa9c-01d1c00fdc55	Layse Borges Fernandes	laysebf.2004@gmail.com	 
c1e9bc23-5d08-4406-a456-cb262a9eb8a5	Tiago Barros	amigosdaterra35@gmail.com	 
c1f9cf63-ec11-4529-8721-ffecd1a9295e	Viviane Oliveira	vivianeenzzo@gmail.com	 
c204e82e-a793-4598-88a7-e1771bd0a75b	Giovanna Freitas de Oliveira	giovanna7007@gmail.com	 
c207011b-57ae-4b12-b94a-012c1703838e	Juan Da silva de Sá	silvajuan563@gmail.com	 
c23c11a8-b0b6-4494-95c2-d083d160abe8	Paulo Henrique	paulohenriquesalesmartins@gmail.com	 
c27e4f32-2014-4427-a5c3-26edf3936c3d	Davi Moraes	daviol2006@gmail.com	 
c2b0994f-a3a3-426e-94c7-58f504bc5b93	Luana Machado	anjosdalagoa@gmail.com	 
c2b2324d-9841-41b5-acea-ed456c8ebf69	Rafaell Almeida	rafaell.f199@gmail.com	 
c336de92-243e-465a-9ae4-b7d95a229af1	Gabriel Barbosa	gabrielftb@gmail.com	 
c3a90e9d-3ec6-4ecb-a6af-a80d4f5b7a93	Caio Carvalho	caiobockorny2@gmail.com	 
c42736a7-60d5-4a53-a717-94d80287dfa6	Julia Nascimento Aguiar	juliaaguiar3313@gmail.com	 
c561f5dc-eaad-4de7-b3dd-41ea9b741986	Kaio Pereira	kaiopereira12.kp@gmail.com	 
c5661fac-4cf6-432d-b80e-b7d4881b5989	Clara Da Silva	clarac.silva18@hotmail.com	 
c64bf203-bde7-4d92-98ea-91c691554471	Paulo Ferreira Costa	pauloferreiracosta1@gmail.com	 
c6e2c24a-57db-4c84-81de-c7a8939bef0e	Mario Ribeiro	marioneto_4@outlook.com	 
c7425264-1e0d-4fc3-b02a-5fce40bf0157	Arthur Benicio De Abreu Dos Santos	arthurbeniciosantoss@gmail.com	 
c8142cb0-e848-4bea-8aef-8b15c4320816	Pedro Lucas Ataíde Barreto	plataide11@gmail.com	 
c87aaee0-b8d8-48dd-8803-76814eceba1e	Daniel Menegussi de Carvalho	danielmenegussi11@gmail.com	 
c9443642-a766-4881-8abf-25db1e33de49	Ana Paula Morais Araújo	paulinhaide@hotmail.com	 
c98e9d15-c976-40fa-8d5c-f942d0922098	Raphaela Macedo	raphamacedo@live.com	 
c98eb193-8c2f-475f-9986-b6cc49d3219d	Larissa Schumacker Affonso	affonsolarissa.84@icloud.com	 
cae313ba-b830-46d1-8e26-1a58c339f7eb	Letícia Guedes	pessanha.leticia05@gmail.com	 
cb045868-aaf4-4256-af38-5af9d76847bb	Yuri Bousquet	yuri.bousquet.5@gmail.com	 
cb5531e6-89a7-4912-99d2-72050bea64e9	Mylla Amaral	myllaaraujo15@gmail.com	 
cb7cc277-25a2-40a2-a851-9b0756b02909	João Bezerra	juniorbzha@gmail.com	 
cbd823e4-f883-43fd-9748-f9f8d09f16e0	Letícia Lima	leticia14gabriele@gmail.com	 
cd387662-ed80-4ad0-acb4-bb998bf28b4b	Douglas Barreto Gomes Batista	douglasbarretobatistal@gmail.com	 
cd5deca9-f4a6-434b-8212-ed974a2dcc2a	Alex Junio Augusto Marques	dani41bebe@gmail.com	 
cd914680-1c26-434e-81ea-1f7b5665a7ec	Ana Carla Gusmão	anacarlagusmao18@gmail.com	 
ce2e96f5-7156-4f6d-bdc1-a8ce83aacdea	Fernanda Lessa Tavares	fernandalessatavares@gmail.com	 
ce2f9cc5-df43-41de-ae63-d56ee22d9177	Gabriel Lavras Puygcerver	gabriellavraspuygcerver@gmail.com	 
ce71c812-16f7-4499-971a-9feccf7fd5fe	Gabriel Santos Pereira	gabrielsantospereira223@gmail.com	 
cecc2e3c-f05e-499b-903d-e492f34ea668	Efraim Rodrigues	noobbrtube@gmail.com	 
ced1dba6-705f-4264-b277-15f66c6c011d	Victor Fazollo	victorffazollo@gmail.com	 
cf07d120-16d6-4c62-ac1b-403ab5c98bbc	João Pedro Aguinello de Lima	pedroaguinello@gmail.com	 
cf09d39b-d96f-4f69-a023-dde56bc22038	David Ferreira	davidferreiraleitelopes@gmail.com	 
cf91cef1-1430-4e74-90be-4ce7dae8e085	Mark Ferreira	mark032008@gmail.com	 
cfeb6651-b598-4852-b422-97dffeb39548	Clara Tavares	claratavaresv@gmail.com	 
d00683c2-2079-48d3-8623-cae9022422fe	Sara da Silva Gomes	sasilva.gomez@gmail.com	 
d04bd466-e2aa-4714-8556-f593660ff564	Enzo Diniz	dinize894@gmail.com	 
d0d76011-1380-4a65-a094-23b51ba318ca	Luan De Souza Vieira	luanvieira.05@hotmail.com	 
d119702c-7484-4b31-928e-653bb759c7e3	Alberto Fernandes Ribeiro de Almeida	alberto.almeida@gsuite.iff.edu.br	 
d16e6a46-0d04-423a-be04-d58083bd16ea	Khauan Caldeira de Souza	khauansouza@outlook.com	 
d19b5d41-0634-465e-8e22-ee79e9cf831f	Jennifer Barcelos	jennifer.gomes@gsuite.iff.edu.br	 
d1bf3ae2-f64d-4d38-9b5d-1fee091dead4	Sallatiel Dos Santos Fernandes	sallatielfernandes010@gmail.com	 
d2439a2a-fa7d-479e-b632-8e2f982dd4d0	Douglas Barcelos	douglas.barcelo@hotmail.com	 
d44cda65-566a-4010-a075-e506e5a1a472	João Vitor Silva da Conceição Oliveira	js8181828827@gmail.com	 
d49e8fde-9b4c-4ab1-a95a-d58943770e8f	Otavio Gil	catiaparabola@gmail.com	 
d4d7107b-0afc-4dbe-be0c-35e5567948a5	Rodrigo Junger Mourão	rodrigojungermourao@gmail.com	 
d5755f8e-da26-4b51-ba81-9ff63a7a53dc	Priscila Maia	priscilamaia666@gmail.com	 
d5903a21-8b48-4f50-9a57-bbd0b6cb1393	Érick Vieira de Gouvêa	erickvgouvea1@gmail.com	 
d5b7dc2e-bbb2-468c-ac02-f4ad5c46aa3d	Thainan Lima	thainancantharino@gmail.com	 
d63326f0-73f4-4891-a9dc-e463d40f023d	Kaique da Silva Gomes	kaiqueg393@gmail.com	 
d63c9ade-fe73-4e77-a767-a6affd49da31	Letícia Melo Vargas da Silva	vmeloleticia@yahoo.com.br	 
d67083c9-9260-4667-84fb-2c636d8d5102	Victorio Rocha	victorio.as.rocha18@gmail.com	 
d6e5282f-031e-4674-888e-e18c1c67d218	Gabriel Olinto	gabriel_olinto@yahoo.com.br	 
d7220337-4262-417d-894f-e6c7b3d4b86c	Marcio Rogerio	marciorogeriomoraes@gmail.com	 
d938d652-9bc5-4d75-a1cb-68a90b6f7fd3	Wilson de Reis	wilsonreis@sindipetronf.org.br	 
d95ce611-2cc6-4659-8da2-e409c722a015	Wesley Pacheco	wesley.adm22@gmail.com	 
d9aa0b76-84fd-4b29-8190-ec6767146694	Henrique Graessler sobral	hgraesslersobral@gmail.com	 
d9e937d7-67cb-4cd4-a2b5-f9a45385df8d	Elen Christine	elenchristinejosedelima@gmail.com	 
d9ef91da-191b-44af-b205-d91a11f3f9a9	Gabriel Rodrigues Cordeiro Dias	gabrielconceicao05@gmail.com	 
da6f7877-a6ea-4f48-8aad-dce55b094b58	Quézia Silva	queziasilvas@outlook.com	 
dad52fb6-3f76-49ba-bf1a-83f61a4b3165	GABRIEL BARRETO	gabrielfonsecabarreto@gmail.com	 
db27aab6-f8b7-49b0-9534-5a2ada66460e	Cauã Peixoto de Lima Gonçalves	caua.lpeixoto@gmail.com	 
db47deb7-69e6-4752-88ab-c4c6aad359c7	Laís Peterssen	laispeterssen07@gmail.com	 
db858080-97a8-401e-aca5-ea1be6745b25	Lucas Merçon	lucasmercon07@gmail.com
dbc06b14-a112-4ff3-b48d-4dc5912eddc3	Milton Rei	miltonreineto@gmail.com	 
dcf82241-cc75-44bb-87cc-8391ec67baa8	Pedro Emanuel Ferreira de Oliveira	pedrodeoliveirafr@gmail.com	 
dd2fbe56-e63e-4fae-b9ba-dea7a886fbf1	Gabriele Pessanha da Hora	gabrielepessanha30@gmail.com	 
dd59e11b-3738-412a-ab7d-f8e70299996d	Arthur Pires Rocha Peçanha de Aguiar	arthurprpa1@gmail.com	 
dd6b5d27-d8ed-481b-b6c6-72c335998fb1	Pedro Viana Paes Mozer	pedrovianamozer@gmail.com	 
dd9c66db-d428-4a29-a75e-a72a9127b7a5	Karine Oliveira	karineoliveirasilva2802@gmail.com	 
ddbd9e13-a439-4fb1-9a62-e530a20d6100	Hugo De Sá Pires Pereira	hugobrpro@gmail.com	 
ddd2ff1b-e53f-484a-a4e3-0601977abc7b	Paulo Ricardo	pauloricardo_new@outlook.com	 
de6892c7-2fc3-4aae-a338-b8f8233796ba	Sofia Leite	sofia.leite.souza13@gmail.com	 
deb8f225-8321-4bcf-8788-668447f91531	Nayara Dutra pinto	yaradutraa55@gmail.com	 
dedef921-79e5-4ef1-9c8e-6889752db516	Adriano Robaina Alves Silva	adriano_robaina@yahoo.com.br	 
deef379c-bcf0-467f-a1d5-283e6ce94423	Nathalia Soares Antonieto	nathaliantonieto@hotmail.com	 
def248cc-4b85-4c56-97a3-57abc96e9d45	Yasmin Dos Santos Vieira Castelo	yasmincastelo00@gmail.com	 
df76ffee-21ae-48b2-878f-0097ca67774b	Ulisses Matias	ulissesdesouzamatias1209@gmail.com	 
dff7f2f5-76b3-4713-ae9d-9dd5d7dbb7c4	Thiago Gomes	gomesthp@gmail.com	 
e03d6b25-4814-4dac-b34e-e8047827c3ce	Gabrielly Xavier	gabriellyxavier25@hotmail.com	 
e197c31f-6c7e-4a87-a3af-2db8e2437587	Igor Costa de Vasconcelos	igorvasconcelos904@gmail.com	 
e1e216fd-d827-45a3-af0d-a7ac0c177c1b	Rafaela Dutra	dutrarafa27@gmail.com	 
e214aa64-5146-421e-b9ee-d5f505a40150	Eric Santos	ericsantsu@gmail.com	 
e2848e91-1d96-4bba-8627-3872cca1081e	Danilo Barcelos Silva	danilo.barcelos@gsuite.iff.edu.br	 
e2cb7d42-14ca-4cba-b4be-7006a0e89c5d	Caroline Gonçalves Soares	carolinegoncalves728@gmail.com	 
e2e92153-b51f-4239-b085-75b61290bedc	Ana Heloísa Ferreira Nascimento	ana_heloisa27@hotmail.com	 
e38c0ce7-a7fa-46bb-9824-57d97006f83d	Felipe dos Santos Fernandes	filipiis@hotmail.com	 
e396f102-054e-4da8-a04d-4fe100c6b899	Larissa Santos Pereira	lp484345@gmail.com	 
e3fd31bd-f593-4336-af90-1d1f4191b8bb	João victor Piñeiro	monicamspp@hotmail.com	 
e40b286a-3313-416d-a4f8-0d35e1587f85	Victor Emmanuel Dias Gomes	victoredg@gmail.com	 
e42c6f72-4609-4982-8064-9ea1dba77895	Ana Kézia Santos Meireles	anakeziasantosmeireles@gmail.com	 
e451a5de-8027-4911-bd92-6c2ac1149fcd	Maria Eduarda Freiman Soares	mariaeduardafreimamsoares@gmail.com	 
e458a672-139e-4363-842e-7bba7fb6e990	Nathan Reis	nathanbreis7@gmail.com	 
e471a31c-487c-4dd8-b838-56120a31d768	Guilherme Santos	guilhermepatricioog@gmail.com	 
e4a399e9-17cf-4323-b674-ab857d50b3c8	João Victor Ribeiro	joaovrc92@gmail.com	 
e4a88f50-5064-487d-8c13-ea5e2e53fd8a	Alexander Nery	alexander_nery_filho2015@hotmail.com	 
e50ac524-851a-47aa-a6b3-6fbc5b4e0fca	savio martins	saviomartinslopes100@gmail.com	 
e51ed951-5f7d-42cb-9109-e81ebf81af66	Lucas Fernandes	pelc4321@gmail.com	 
e585b5be-1643-4e10-8aa6-91af9ae4475a	Nathan Marques da silva	nathanmarquessilva10@gmail.com	 
e60a18f8-2da7-454c-81c8-7b69bdac3761	Ana Karolina Fernandes	lolhalves2002@gmail.com	 
e62b79d9-0184-4d25-852e-b91c4cdcd961	Luis Felipe Tinoco	lfstinoco@yahoo.com	 
e6808a89-ffbb-4107-bee5-59a99f35ac8b	Pedro Vidon	pedrovidongp@gmail.com	 
e7138256-436e-4050-a2ea-1d6da1e80259	laura soares	radiorodions@gmail.com	 
e8123294-7ce6-49d9-b44f-4d636e23c883	Antônio Medeiros	braziltubes@gmail.com	 
e863bb2d-1d6c-48ff-b512-624809dbbd9b	Fernanda Caroline de Andrade da Silva	fernanda30.andrade@gmail.com	 
e8ffc2ab-365c-400e-84c0-f6150ebeb8f2	Nataniele Santos	nathycosta503@gmail.com	 
e928a8c5-40a7-4100-8001-d9be625ecb85	Allan Santos	santosallan11@gmail.com	 
e979a953-9dfb-4ec9-92a2-a293f36b7818	Thalya da Silva Dias Moutinho	thalyadias10@gmail.com	 
e98453a6-58c4-4601-aa69-1e1b227f4f7b	Maria Clara De Andrade Santos	bethy-mcn@hotmail.com	 
e9fc655d-bf8a-4feb-be96-385ab56ee2f2	Jenyfer Nunes	jenyfer.silva@gsuite.iff.edu.br	 
ea241525-befa-4795-84f0-3cfeca8b24d2	Fernanda Patrocínio	fernandapatrocinio@gmail.com	 
ea304da7-f123-4b98-8e78-c6ea11401ac7	Daniel Souza	daniel.lima.rj21@gmail.com	 
ea5f29d5-9bbe-4ce8-9c05-ba622ee4ec7b	Victor Decarlo Barcelos	victordecarlo@gmail.com	 
ea6d9262-82d0-4703-adcd-0470c218f1ea	Isaías Cândido de Souza	isaiascandido63@gmail.com	 
ea7def04-28d5-46fa-b855-6fb3c6ed9dec	Filipe Israel	filipeisrael80@gmail.com	 
eaa11e36-8d52-49a1-8ed5-e5d2182e7372	Agnes de Lima Laurindo	agnesdelima2007@gmail.com	 
eaafe168-5856-41b6-bb50-4eb017e587cb	Caio Goulart	caiog7169@gmail.com	 
eb13e45a-73d8-4b96-a6a1-700262a6e83d	Agatha Campos	anjinhocomary@yahoo.com.br	 
eb60e2af-6a0c-4e44-b047-7feb88af95c5	Eike Dias martins	eike.dias.martins@gmail.com	 
ebc744d8-e944-446f-a0d9-0277c4820ba3	Matheus Baptista	matheusbatistadalmeida@gmail.com	 
ed18ae6a-c9ec-4354-9794-d3cb78818aa9	PAULO PINHEIRO	pauloneiva31@gmail.com	 
ed80c07b-c9c1-419b-8ce9-b3ab1435da43	Ruana Bastos	ruanabastos73@gmail.com	 
ee794562-a3ea-4f97-aec3-aa4418aaf8c1	Leonardo Coelho de Carvalho	leonardoccarvalho.1014@gmail.com	 
ee962c2c-8969-4bd3-a5ea-8479cd79d863	Letícia Macêdo	leticiamacedofernandes1@gmail.com	 
eed6e2f1-e40c-4169-b924-bc7998e0eabc	Vitor Gonçalves	vitor2000emanuel@gmail.com	 
ef3fcff9-49a6-4830-9b41-de43e74e758b	TATIANA TEIXEIRA	tatiedelmaviju@gmail.com	 
ef5fba2e-5acf-4a46-9667-9ea4cd1f3da9	Lucas Lage Bastos da Rocha	lucasllage.5853@gmail.com	 
f06a398f-9cc9-4971-89d0-405fb42aab96	Carlos Eduardo Porto da hora	carlosportomanduca@gmail.com	 
f0991f43-1891-4bc2-9d25-bb2ae6fc1aa6	Artur Stoller de Souza	stollerartur05@gmail.com	 
f0e185d1-6fac-4056-a4d1-86b8a7824c12	Jamile Panta	jamilesemprefiel18@gmail.com	 
f11dc987-0744-430f-9791-5af024b2eb0d	Leonardo Da Silva Vieira Monteiro Teixeira	leonardomonteiro15sv@gmail.com	 
f2375b6a-7a2f-4700-9244-093510a65256	Guilherme Ximenes	ximenes.prado@gsuite.iff.edu.br	 
f320e40e-eeb1-42a1-ab12-261027515d19	Eduardo Caike Oliveira	edu.caike@gmail.com	 
f366f36b-3bbe-4ba2-aa56-085cc6b463ff	Giovana Antunes	16giovanaab@gmail.com	 
f3aa2fd5-142f-4300-967f-3297bd1c9a4a	Raphael William Balbino Cunha da Silva	faelzinhossj64@gmail.com	 
f3b62142-dc0e-4786-a1b3-8322cc035d67	Fernando Mattos Costa	fernando.mattos@gsuite.iff.edu.br	 
f43890b7-db1c-4cb2-8fe9-41656ddcc4c9	Leticia Lourenço	leticiacarlalourenco@gmail.com	 
f48a36af-a916-405e-bcfc-5b004d8c9ac2	Gabriel Monteiro	h39008042@gmail.com	 
f49c72cd-71db-4f52-a48e-77b59a7bf7ce	Breno Boechat	brenoboechat1@gmail.com	 
f4b6d221-2c95-449b-9169-115b1c389547	Lucas Francisco	lucasfranciscoconceicao5@gmail.com	 
f545fd3e-5d24-4b11-8b7c-00dfa8ab6478	Felix Cruz	felixjacruz@gmail.com	 
f5a15aa2-6122-4bd0-a85c-91c79ec32f73	Rayssa Mendes	rayssa.mendes1718@gmail.com	 
f5ab7d23-b993-477f-8a96-4428ccbdac30	Yuri Godim	yurisgodim@gmail.com	 
f5b36b35-e789-4784-80de-39fcd3ba1dfb	Tainá Amaral	tainaamaralmota@gmail.com	 
f6212420-ab87-410b-966a-1697d3801197	Yuri Ferreira Lucio da Silva	yuriflucio@gmail.com	 
f65704bd-62d7-49c1-a460-c9eca87b9f9b	Matheus De Oliveira Paes	matheusopaes23@gmail.com	 
f6e81f0a-2557-4812-9fe2-a8e2ebcee236	Ana Luiza Feijó Nogueira	ana.luiza_nogueira@hotmail.com	 
f721ce8a-fffe-4937-8691-03bf4a08702c	Hélcius Antonini Gonçalves Valença Silva	helciusantonini@hotmail.com	 
f757773f-6eae-4aef-a2a7-b44a324e28ff	Sarah Machado Schelk Gomes	sarahm.s.gomes.1@gmail.com	 
f758d44c-69ae-43ca-8a29-dcea9d4a58f6	Jeniffer Rocha	rochajeniffer430@gmail.com	 
f771f0c4-7ed6-4b3d-a43b-b14bd8f2800e	Daniel dos Anjos	danianjos217@gmail.com	 
f7e3cea5-47a0-4274-bd4f-190360ce9852	Luísa Gonçalves	luisa_simas@hotmail.com	 
f7e9d168-b44e-4e7d-88ba-bed77ea7b501	João Vítor Ferreira Da Rocha Nogueira	vitor.ferreira@gsuite.iff.edu.br	 
f7fc3624-033f-4619-8537-fbcf712f7631	Joana Bastos	bastosjoana91@gmail.com	 
f8834a19-4222-45e1-8be2-76bfb99a41e1	Vitor Carmo	vitorgariglioc@gmail.com	 
f8cd3468-a361-480d-98ff-aca03ca4b1d4	Maíra Figueira Rocha	maira.figueirarocha@gmail.com	 
f8fbf086-7458-42b2-b869-b6b8ebfb89c1	Rayssa Souza	rayssasilvaguimaraesetp@gmail.com	 
f910e128-768c-4515-bcb7-33d8a4341dde	Davi Miguel Carvalho Gomes Carvalho Gomes	dmcg31032@gmail.com	 
f97009c9-c60e-4808-9c5b-ab49ee39039c	Abel Resende	abel.vresende298@gmail.com	 
f9d46751-cd6d-4ef9-a3f4-e135b8ae2f9c	Luana Aguiar	luanareisaguiar2003@gmail.com	 
fa4d9d77-0ed1-42d9-9fe3-7d41f5233fe6	Lucas Augusto Scotta Merlo	lscotta@iff.edu.br	 
fa583e00-52ed-433a-ae16-51d2a7d12891	Ricardo Borges	ricardoborgesneto23@gmail.com	 
fb8eccce-9d62-460e-a769-cc15f6afbf41	Miguel Azevedo Peixoto	peixoto.a.miguel@gmail.com	 
fc91a07a-e6c4-4028-ac90-4b0d15c55c62	Alex Belchior da Silva e Silva	alexbelchiorfn@gmail.com
fcf49579-a984-4e8e-80d1-5cfdad21828e	Caio Marcio de Sá Borges	caio.marcio.borges@hotmail.com	 
fd55fd32-08b8-49de-87a3-2e247a737f41	Raphael Nantes	phaelnantes@gmail.com	 
fd57fedb-b831-4b4d-8444-d6b19bcfe0dd	André Martins	97.andremartins@gmail.com	 
fda5d3b4-9903-4477-9e02-b4808f5b7a04	Anna Clara Gandra de Carvalho	anna.cgandra@gmail.com	 
fddb1648-33c1-4ce3-8ddb-3769af163330	Sophia Pena de Oliveira	sophiapena36@gmail.com	 
fe4c51e1-fa6e-4752-9f89-ec52d02d70e8	Leonardo Rangel	leonardosouza08035@gmail.com	 
feacf410-d6ed-491b-bcc5-8ce0d9c10b96	JOAO DOURADO	joaoaugusto99dourado@gmail.com	 
ff7904a1-eaad-4b9a-a72b-ee6687b2c5fe	Giovanna Gabrielle Gonçalves Amorim	gggamorim@outlook.com
